Section,Title,Link
Introduction to FireMonkey,Hello Android,https://docs.google.com/document/d/1L12xEiXDkW9E3vehLIlDoTmCR5KNnCCKGYSztPuH_Qw/edit?usp=sharing
Embedding InterBase,Starting Up with InterBase,https://docs.google.com/document/d/1Eh2sQtfKP_RCEnubA4R3sgEKKjXlmBXeVmOm6HVtg5A/edit?usp=sharing
Embedding InterBase,How to Create Users and set up privileges,https://docs.google.com/document/d/16dL4LFGp9-ZEpyRCF0Wqu6HD_GYx4752fZlWJJU7KQY/edit
Embedding InterBase,Creating and Connecting to the database,https://docs.google.com/document/d/1-lAD_UXJyT3UUQqKHzPCOwFN7Slbg-pp7DBQbcvUtMY/edit?usp=sharing
Embedding InterBase,Creating Tables,https://docs.google.com/document/d/18nvGQiWtSDxQakoVqSnMXTNxFoUAJBVhqnzvrSA1p-k/edit?usp=sharing
Embedding InterBase,Running an InterBase Script,https://docs.google.com/document/d/17mCtIZ-iJ5XyZh1ymq6HwoasQ2u-7SeDfD9JMXAiN2I/edit?usp=sharing
Embedding InterBase,Using LiveBindings,
,Home and LogIn Screens,https://drive.google.com/open?id=1Mlz51jIClPDty4vwwfDBVM_6pX0JXPJ77hlCOnXKDPk
Embedding InterBase,Deploying IBLite in applications,Deploying InterBase IBLite to Mobile
,Working with Default Styles,https://drive.google.com/open?id=1T3-PV8wI0iu-rsyHIDmL6vK8p2zpt4oY7bt9BPy8YOA
,Home Screen Navigation using Glyph Buttons,https://drive.google.com/open?id=17Z0WVN0zP-SZKCdV4HNOzOcouv9j0gUTBXBI3LQMBBo
,Authenticate user against InterBase,https://drive.google.com/open?id=1Dr6rRvUT7CGMQ1rKrcnmlLA58GAbJtWdgjWs3pgFPK0
,InterBase Autenicatcation,https://drive.google.com/open?id=1IOQuwyG7XZNEFkXRw71vkzoi9pX0k8DZmzX3MV9gp_E
,Deploying InterBase IBLite to Mobile,https://drive.google.com/open?id=1aGNZOP2HtbrS3J14NACal_IWjbxqkLG-W5Mq-pzJ6B4
,Multiple Screens,https://drive.google.com/open?id=1ohRzfZAsefXBJ6b0PjjgAksblsvNYxcqZWVrq08Ujm8
,Home Screen Navigation,https://drive.google.com/open?id=1YNBgm_QNkCvo9cv8vQMjLgF2IXd3NAmRZTy9mxoHkew
,Working with Custom Styles,https://drive.google.com/open?id=1U-6MHjvftNxCBqfkAjU94TVHh0ZqXTSxwwpOFies1NM
,Provisioning an iOS Application,https://drive.google.com/open?id=13Tt5qfuTlpu1Tnt4aTSgTHPp1BmhkqMWOJvsQleuTck
,Tab Components to Display Pages on both iOS and Android,https://drive.google.com/open?id=1cdRr5Ig2uPmMVcKJO8LO2qvr2QRlU29ea8q2X81SI-g
,Multiple Screens,https://drive.google.com/open?id=1a-DXqv3lgZ1-W7Oo0puzNLNKbkEZu4XE4DUoI2JC6Oc